phase,title,advice,food_examples,why,emoji
menstrual,Железо — твой приоритет,Добавь продукты с гемовым железом. Оно усваивается лучше.,Говядина, печень, индейка, гречка, гранаты,Потеря крови требует восполнения железа,🩸
menstrual,Пей больше воды,Теряешь жидкость — восполняй её.,Вода, травяные чаи, отвар шиповника,Обезвоживание усиливает усталость и головные боли,💧
menstrual,Витамин С для усвоения,Сочетай железо с витамином С для лучшего усвоения.,Апельсины, киви, болгарский перец, брокколи,Витамин С увеличивает усвоение железа на 30%,🍊
menstrual,Тёплая еда вместо холодной,Отдай предпочтение супам, тушёным овощам и кашам.,Овощной суп, тушёные овощи, овсяная каша,Тёплая пища снижает спазмы и улучшает пищеварение,🥣
menstrual,Уменьши соль,Избегай солёной пищи — она задерживает воду и усиливает отеки.,Замени соль специями и зеленью,Соль усиливает задержку воды и дискомфорт,🧂
menstrual,Магний против спазмов,Добавь магний, чтобы снизить мышечные спазмы.,Бананы, орехи, тёмный шоколад, авокадо,Магний расслабляет мышцы матки и ног,🧠
menstrual,Жирная рыба для настроения,Омега-3 помогает бороться с упадком настроения.,Лосось, скумбрия, сардины, льняное масло,Омега-3 поддерживает нервную систему,🐟
menstrual,Не забывай про белок,Белок помогает поддерживать энергию на низком уровне активности.,Курица, индейка, яйца, творог,Белок даёт энергию без резких скачков сахара,🍗
menstrual,Лёгкие углеводы для подъёма,Если нет сил — добавь быстрые углеводы для подъёма настроения.,Сухофрукты, мёд, фруктовые соки,Быстрый источник энергии без перегрузки ЖКТ,🍯
menstrual,Откажись от кофеина,Кофе и чёрный чай могут усиливать тревожность и спазмы.,Замени на травяной чай (ромашка, мята),Кофеин сужает сосуды и усиливает боль,☕
follicular,Сложные углеводы для энергии,Эстроген растёт — время для углеводов.,Овсянка, гречка, бурый рис, киноа,Углеводы лучше усваиваются и идут в мышцы,🌾
follicular,Белок для восстановления,Восстанавливай мышцы после тренировок.,Куриная грудка, рыба, творог, яйца,Белок идёт на строительство тканей,🍗
follicular,Зелёные овощи,Поддерживай детоксикацию и лёгкость.,Шпинат, брокколи, салат, сельдерей,Очищают организм и дают витамины группы В,🥬
follicular,Вода — основа метаболизма,Пей не менее 1.5–2 литров в день.,Вода, зелёный чай, цитрусовые соки,Ускоряет метаболизм и выводит продукты распада,💧
follicular,Не бойся жиров,Здоровые жиры нужны для синтеза гормонов.,Авокадо, оливковое масло, орехи, семена,Поддерживают гормональный фон,🥑
follicular,Кисломолочные продукты,Пробиотики улучшают пищеварение и усвоение.,Кефир, йогурт, творог,Поддерживают микрофлору в период активности,🥛
follicular,Ягоды для антиоксидантов,Поддерживай иммунитет и здоровье кожи.,Черника, малина, клубника, смородина,Борются с окислительным стрессом,🫐
follicular,Добавь цинк,Цинк важен для заживления и иммунитета.,Тыквенные семечки, говядина, устрицы,Цинк помогает восстановлению тканей,🥩
follicular,Не переедай,Энергия растёт — следи за калориями.,Умеренные порции 4–5 раз в день,В этой фазе калории тратятся эффективно,⚖️
follicular,Завтрак — обязательно,Запускай метаболизм с первого приёма пищи.,Овсянка, яйца, тост с авокадо,Запускает обмен веществ на весь день,🍳
ovulation,Белок + углеводы перед тренировкой,Максимальная нагрузка — топливо важно.,Курица с гречкой, рыба с рисом,Белок и углеводы дают силу и выносливость,🏋️
ovulation,Вода до и после,Пей больше, чтобы избежать обезвоживания.,Вода, изотонические напитки,Высокая активность усиливает потоотделение,💧
ovulation,Антиоксиданты для кожи,В овуляцию кожа сияет — поддержи её.,Красные и фиолетовые ягоды, зелень,Борются с воспалениями и поддерживают коллаген,🫐
ovulation,Овощи на пару,Лёгкая еда для высокой энергии.,Брокколи, цуккини, спаржа, цветная капуста,Сохраняют витамины и не перегружают ЖКТ,🥦
ovulation,Не пропускай приёмы,Метаболизм на пике — нужно топливо.,3–4 полноценных приёма пищи,Высокий расход калорий требует поступления,🍽️
ovulation,Клетчатка для лёгкости,Поддерживай кишечник в тонусе.,Отруби, льняное семя, яблоки, груши,Улучшает перистальтику и выводит токсины,🍎
ovulation,Заряжайся витамином D,Помогает усваивать кальций и укрепляет кости.,Жирная рыба, яйца, грибы,Витамин D важен для мышц и суставов,☀️
ovulation,Сложные углеводы — на завтрак,Дадут энергию на весь день.,Овсянка, цельнозерновой хлеб, булгур,Удерживают сахар в крови стабильным,🌾
ovulation,Умеренное количество соли,Небольшое количество соли поддерживает водный баланс.,Морская соль, соевый соус (умеренно),Сохраняет электролитный баланс после нагрузки,🧂
ovulation,Следи за железом,Энергия высокая — не забывай про железо.,Говядина, печень, гречка, шпинат,Поддерживает уровень энергии и клеток крови,🥩
luteal,Магний — твой лучший друг,Уменьшает тревогу, спазмы и тягу к сладкому.,Тыквенные семечки, бананы, тёмный шоколад,Магний успокаивает нервную систему,🧠
luteal,Омега-3 для настроения,Борется с перепадами настроения и раздражительностью.,Лосось, скумбрия, льняное масло, орехи,Омега-3 влияет на уровень дофамина и серотонина,🐟
luteal,Уменьши сахар,Сахар усиливает перепады настроения.,Замени на фрукты, ягоды, сухофрукты,Сахара вызывают резкие скачки глюкозы,🍬
luteal,Больше клетчатки,Снижает вздутие и улучшает пищеварение.,Салат, капуста, отруби, кефир,Клетчатка связывает эстрогены и выводит их,🥗
luteal,Вода — спасение от отеков,Кажется, что вода задерживается — но её нужно больше.,Вода, зелёный чай, травяные чаи,Недостаток воды усиливает отёки и головные боли,💧
luteal,Тёплая еда успокаивает,Супы и каши снимают спазмы и успокаивают.,Овощной суп, молочная каша, запечённые овощи,Тёплая пища расслабляет гладкую мускулатуру,🥣
luteal,Витамин В6 для нервов,Поддерживает нервную систему и уменьшает раздражительность.,Картофель, бананы, шпинат, лосось,В6 участвует в синтезе нейромедиаторов,🧠
luteal,Белок для сытости,Снижает тягу к вредному и дает чувство насыщения.,Индейка, творог, белая рыба, тофу,Белок удерживает сахар и даёт стабильную энергию,🍗
luteal,Ограничь кофеин,Может усиливать тревожность и боли в груди.,Замени на травяной чай (липа, ромашка),Кофеин стимулирует нервную систему и увеличивает тревогу,☕
luteal,Жиры для успокоения,Здоровые жиры помогают синтезировать прогестерон.,Авокадо, оливковое масло, орехи, кунжут,Прогестерон снижается — поддержка важна,🥑
luteal,Снизь нагрузку на ЖКТ,Ешь небольшими порциями, чтобы избежать вздутия.,5–6 раз в день по 200–250 г,Снижает давление на кишечник и дискомфорт,🍽️
luteal,Тыквенные семечки для цинка,Цинк поддерживает иммунитет и заживление.,Тыквенные семечки, говядина, нут,Цинк важен для заживления слизистых,🥩